﻿country,2008
Afghanistan,195
Angola,167
Albania,10.5
United Arab Emirates,2.65
Argentina,6.31
Armenia,9.87
Australia,2.27
Austria,1.94
Azerbaijan,18.5
Burundi,119
Belgium,2.48
Benin,82.3
Burkina Faso,127
Bangladesh,20.1
Bulgaria,6.37
Bahrain,6.37
Bahamas,7.79
Bosnia and Herzegovina,6.61
Belarus,6.42
Belize,11
Bolivia,29.2
Brazil,10.8
Barbados,4.2
Brunei,3.21
Bhutan,45.8
Botswana,14.9
Central African Republic,121
Canada,2.53
Switzerland,1.65
Chile,4.23
China,9.02
Cote d'Ivoire,69.1
Cameroon,95.9
"Congo, Dem. Rep.",135
"Congo, Rep.",89.8
Colombia,7.68
Comoros,64.2
Cape Verde,12.4
Costa Rica,3.73
Cuba,3.12
Cyprus,2.12
Czech Republic,1.93
Germany,1.89
Djibouti,57.1
Denmark,1.78
Dominican Republic,14.2
Algeria,18.1
Ecuador,13.6
Egypt,8.75
Eritrea,39.6
Spain,2.23
Estonia,2.89
Ethiopia,64.6
Finland,1.51
Fiji,9.28
France,1.88
"Micronesia, Fed. Sts.",24
Gabon,48.8
United Kingdom,2.59
Georgia,11.9
Ghana,42.4
Guinea,95.1
Gambia,68.3
Guinea-Bissau,142
Equatorial Guinea,99
Greece,1.72
Grenada,1.99
Guatemala,23.5
Guyana,37.5
Honduras,15
Croatia,2.09
Haiti,45.5
Hungary,3.08
Indonesia,22
India,30.7
Ireland,2.26
Iran,14
Iraq,19.6
Iceland,1.73
Israel,2.41
Italy,1.99
Jamaica,22.8
Jordan,6.86
Japan,2.28
Kazakhstan,15.1
Kenya,92.2
Kyrgyz Republic,21.1
Cambodia,58.4
South Korea,3.15
Kuwait,5.08
Lao,39.9
Lebanon,5.47
Liberia,95.6
Libya,7.3
St. Lucia,3.95
Sri Lanka,8.41
Lesotho,39.7
Lithuania,3.82
Luxembourg,1.65
Latvia,4.06
Morocco,13.2
Moldova,9.9
Madagascar,68.6
Maldives,12.8
Mexico,10.6
North Macedonia,4.54
Mali,133
Malta,4.89
Myanmar,73
Montenegro,3.43
Mongolia,27.2
Mozambique,83.1
Mauritania,69.6
Mauritius,6.8
Malawi,65.4
Malaysia,3.22
Namibia,23.7
Niger,119
Nigeria,129
Nicaragua,14.9
Netherlands,1.78
Norway,1.89
Nepal,19.5
New Zealand,1.99
Oman,4.37
Pakistan,33.9
Panama,13.1
Peru,11.7
Philippines,17.9
Papua New Guinea,41.9
Poland,2.91
North Korea,27.1
Portugal,1.82
Paraguay,12.9
Qatar,4.34
Romania,6.55
Russia,4.9
Rwanda,67.1
Saudi Arabia,9.36
Sudan,66.2
Senegal,70
Singapore,1.69
Solomon Islands,21
Sierra Leone,147
El Salvador,10.6
Somalia,131
Serbia,2.83
Sao Tome and Principe,63.4
Suriname,14.6
Slovak Republic,4.2
Slovenia,1.03
Sweden,1.54
Eswatini,63.8
Syria,8.36
Chad,154
Togo,60.9
Thailand,4.16
Tajikistan,40
Turkmenistan,27.2
Tonga,10.8
Trinidad and Tobago,10.8
Tunisia,9.33
Turkey,7.83
Tanzania,65.3
Uganda,98.9
Ukraine,7.55
Uruguay,7.86
United States,3.63
Uzbekistan,18.6
St. Vincent and the Grenadines,3.65
Venezuela,8.16
Vietnam,5.26
Vanuatu,19
Samoa,14.5
Yemen,34.9
South Africa,47
Zambia,106
Zimbabwe,65.7
